Comunidades y Ciudades Autónomas;Nacionalidad;Periodo;Total
Total Nacional;Ambas nacionalidades;2021;7,12
Total Nacional;Ambas nacionalidades;2020;7,19
Total Nacional;Ambas nacionalidades;2019;7,62
Total Nacional;Ambas nacionalidades;2018;7,94
Total Nacional;Ambas nacionalidades;2017;8,41
Total Nacional;Ambas nacionalidades;2016;8,80
Total Nacional;Ambas nacionalidades;2015;9,02
Total Nacional;Ambas nacionalidades;2014;9,17
Total Nacional;Ambas nacionalidades;2013;9,11
Total Nacional;Ambas nacionalidades;2012;9,69
Total Nacional;Ambas nacionalidades;2011;10,07
Total Nacional;Ambas nacionalidades;2010;10,42
Total Nacional;Ambas nacionalidades;2009;10,65
Total Nacional;Ambas nacionalidades;2008;11,28
Total Nacional;Ambas nacionalidades;2007;10,86
Total Nacional;Ambas nacionalidades;2006;10,85
Total Nacional;Ambas nacionalidades;2005;10,65
Total Nacional;Ambas nacionalidades;2004;10,57
Total Nacional;Ambas nacionalidades;2003;10,44
Total Nacional;Ambas nacionalidades;2002;10,08
Total Nacional;Española;2021;6,31
Total Nacional;Española;2020;6,28
Total Nacional;Española;2019;6,65
Total Nacional;Española;2018;7,01
Total Nacional;Española;2017;7,53
Total Nacional;Española;2016;7,95
Total Nacional;Española;2015;8,21
Total Nacional;Española;2014;8,37
Total Nacional;Española;2013;8,30
Total Nacional;Española;2012;8,82
Total Nacional;Española;2011;9,16
Total Nacional;Española;2010;9,38
Total Nacional;Española;2009;9,58
Total Nacional;Española;2008;10,10
Total Nacional;Española;2007;9,86
Total Nacional;Española;2006;10,02
Total Nacional;Española;2005;9,91
Total Nacional;Española;2004;9,86
Total Nacional;Española;2003;9,80
Total Nacional;Española;2002;9,51
Total Nacional;Extranjera;2021;13,51
Total Nacional;Extranjera;2020;14,39
Total Nacional;Extranjera;2019;15,72
Total Nacional;Extranjera;2018;16,27
Total Nacional;Extranjera;2017;16,75
Total Nacional;Extranjera;2016;16,97
Total Nacional;Extranjera;2015;16,71
Total Nacional;Extranjera;2014;16,59
Total Nacional;Extranjera;2013;16,05
Total Nacional;Extranjera;2012;16,78
Total Nacional;Extranjera;2011;17,24
Total Nacional;Extranjera;2010;18,46
Total Nacional;Extranjera;2009;18,69
Total Nacional;Extranjera;2008;20,34
Total Nacional;Extranjera;2007;19,27
Total Nacional;Extranjera;2006;18,86
Total Nacional;Extranjera;2005;18,57
Total Nacional;Extranjera;2004;19,74
Total Nacional;Extranjera;2003;19,99
Total Nacional;Extranjera;2002;21,02
01 Andalucía;Ambas nacionalidades;2021;7,72
01 Andalucía;Ambas nacionalidades;2020;7,72
01 Andalucía;Ambas nacionalidades;2019;8,21
01 Andalucía;Ambas nacionalidades;2018;8,45
01 Andalucía;Ambas nacionalidades;2017;8,89
01 Andalucía;Ambas nacionalidades;2016;9,43
01 Andalucía;Ambas nacionalidades;2015;9,60
01 Andalucía;Ambas nacionalidades;2014;9,80
01 Andalucía;Ambas nacionalidades;2013;9,71
01 Andalucía;Ambas nacionalidades;2012;10,30
01 Andalucía;Ambas nacionalidades;2011;10,72
01 Andalucía;Ambas nacionalidades;2010;11,10
01 Andalucía;Ambas nacionalidades;2009;11,48
01 Andalucía;Ambas nacionalidades;2008;12,28
01 Andalucía;Ambas nacionalidades;2007;11,93
01 Andalucía;Ambas nacionalidades;2006;12,03
01 Andalucía;Ambas nacionalidades;2005;11,76
01 Andalucía;Ambas nacionalidades;2004;11,64
01 Andalucía;Ambas nacionalidades;2003;11,42
01 Andalucía;Ambas nacionalidades;2002;11,01
01 Andalucía;Española;2021;7,30
01 Andalucía;Española;2020;7,23
01 Andalucía;Española;2019;7,66
01 Andalucía;Española;2018;7,95
01 Andalucía;Española;2017;8,43
01 Andalucía;Española;2016;8,98
01 Andalucía;Española;2015;9,19
01 Andalucía;Española;2014;9,40
01 Andalucía;Española;2013;9,30
01 Andalucía;Española;2012;9,87
01 Andalucía;Española;2011;10,25
01 Andalucía;Española;2010;10,56
01 Andalucía;Española;2009;10,91
01 Andalucía;Española;2008;11,65
01 Andalucía;Española;2007;11,39
01 Andalucía;Española;2006;11,65
01 Andalucía;Española;2005;11,46
01 Andalucía;Española;2004;11,27
01 Andalucía;Española;2003;11,13
01 Andalucía;Española;2002;10,78
01 Andalucía;Extranjera;2021;12,19
01 Andalucía;Extranjera;2020;13,10
01 Andalucía;Extranjera;2019;14,51
01 Andalucía;Extranjera;2018;14,52
01 Andalucía;Extranjera;2017;14,53
01 Andalucía;Extranjera;2016;14,98
01 Andalucía;Extranjera;2015;14,69
01 Andalucía;Extranjera;2014;14,66
01 Andalucía;Extranjera;2013;14,64
01 Andalucía;Extranjera;2012;15,38
01 Andalucía;Extranjera;2011;16,29
01 Andalucía;Extranjera;2010;17,46
01 Andalucía;Extranjera;2009;18,17
01 Andalucía;Extranjera;2008;19,94
01 Andalucía;Extranjera;2007;19,19
01 Andalucía;Extranjera;2006;17,77
01 Andalucía;Extranjera;2005;17,00
01 Andalucía;Extranjera;2004;19,56
01 Andalucía;Extranjera;2003;18,52
01 Andalucía;Extranjera;2002;17,96
02 Aragón;Ambas nacionalidades;2021;7,21
02 Aragón;Ambas nacionalidades;2020;6,83
02 Aragón;Ambas nacionalidades;2019;7,28
02 Aragón;Ambas nacionalidades;2018;7,58
02 Aragón;Ambas nacionalidades;2017;8,00
02 Aragón;Ambas nacionalidades;2016;8,30
02 Aragón;Ambas nacionalidades;2015;8,59
02 Aragón;Ambas nacionalidades;2014;8,73
02 Aragón;Ambas nacionalidades;2013;8,74
02 Aragón;Ambas nacionalidades;2012;8,94
02 Aragón;Ambas nacionalidades;2011;9,38
02 Aragón;Ambas nacionalidades;2010;9,63
02 Aragón;Ambas nacionalidades;2009;9,72
02 Aragón;Ambas nacionalidades;2008;10,23
02 Aragón;Ambas nacionalidades;2007;9,82
02 Aragón;Ambas nacionalidades;2006;9,57
02 Aragón;Ambas nacionalidades;2005;9,20
02 Aragón;Ambas nacionalidades;2004;9,21
02 Aragón;Ambas nacionalidades;2003;8,93
02 Aragón;Ambas nacionalidades;2002;8,51
02 Aragón;Española;2021;6,11
02 Aragón;Española;2020;5,78
02 Aragón;Española;2019;6,16
02 Aragón;Española;2018;6,43
02 Aragón;Española;2017;6,93
02 Aragón;Española;2016;7,19
02 Aragón;Española;2015;7,61
02 Aragón;Española;2014;7,70
02 Aragón;Española;2013;7,70
02 Aragón;Española;2012;7,82
02 Aragón;Española;2011;8,21
02 Aragón;Española;2010;8,23
02 Aragón;Española;2009;8,29
02 Aragón;Española;2008;8,70
02 Aragón;Española;2007;8,60
02 Aragón;Española;2006;8,54
02 Aragón;Española;2005;8,36
02 Aragón;Española;2004;8,46
02 Aragón;Española;2003;8,18
02 Aragón;Española;2002;7,95
02 Aragón;Extranjera;2021;15,55
02 Aragón;Extranjera;2020;14,12
02 Aragón;Extranjera;2019;15,59
02 Aragón;Extranjera;2018;16,86
02 Aragón;Extranjera;2017;16,87
02 Aragón;Extranjera;2016;17,59
02 Aragón;Extranjera;2015;16,62
02 Aragón;Extranjera;2014;17,00
02 Aragón;Extranjera;2013;16,51
02 Aragón;Extranjera;2012;17,00
02 Aragón;Extranjera;2011;17,70
02 Aragón;Extranjera;2010;19,44
02 Aragón;Extranjera;2009;19,45
02 Aragón;Extranjera;2008;21,13
02 Aragón;Extranjera;2007;20,02
02 Aragón;Extranjera;2006;19,98
02 Aragón;Extranjera;2005;19,11
02 Aragón;Extranjera;2004;20,11
02 Aragón;Extranjera;2003;22,05
02 Aragón;Extranjera;2002;20,93
03 Asturias, Principado de;Ambas nacionalidades;2021;4,74
03 Asturias, Principado de;Ambas nacionalidades;2020;4,70
03 Asturias, Principado de;Ambas nacionalidades;2019;5,05
03 Asturias, Principado de;Ambas nacionalidades;2018;5,60
03 Asturias, Principado de;Ambas nacionalidades;2017;5,84
03 Asturias, Principado de;Ambas nacionalidades;2016;6,12
03 Asturias, Principado de;Ambas nacionalidades;2015;6,18
03 Asturias, Principado de;Ambas nacionalidades;2014;6,26
03 Asturias, Principado de;Ambas nacionalidades;2013;6,28
03 Asturias, Principado de;Ambas nacionalidades;2012;7,12
03 Asturias, Principado de;Ambas nacionalidades;2011;7,24
03 Asturias, Principado de;Ambas nacionalidades;2010;7,21
03 Asturias, Principado de;Ambas nacionalidades;2009;7,63
03 Asturias, Principado de;Ambas nacionalidades;2008;7,65
03 Asturias, Principado de;Ambas nacionalidades;2007;7,33
03 Asturias, Principado de;Ambas nacionalidades;2006;7,14
03 Asturias, Principado de;Ambas nacionalidades;2005;7,04
03 Asturias, Principado de;Ambas nacionalidades;2004;6,80
03 Asturias, Principado de;Ambas nacionalidades;2003;6,69
03 Asturias, Principado de;Ambas nacionalidades;2002;6,34
03 Asturias, Principado de;Española;2021;4,41
03 Asturias, Principado de;Española;2020;4,29
03 Asturias, Principado de;Española;2019;4,65
03 Asturias, Principado de;Española;2018;5,20
03 Asturias, Principado de;Española;2017;5,50
03 Asturias, Principado de;Española;2016;5,78
03 Asturias, Principado de;Española;2015;5,84
03 Asturias, Principado de;Española;2014;5,96
03 Asturias, Principado de;Española;2013;5,92
03 Asturias, Principado de;Española;2012;6,75
03 Asturias, Principado de;Española;2011;6,84
03 Asturias, Principado de;Española;2010;6,77
03 Asturias, Principado de;Española;2009;7,20
03 Asturias, Principado de;Española;2008;7,22
03 Asturias, Principado de;Española;2007;6,97
03 Asturias, Principado de;Española;2006;6,86
03 Asturias, Principado de;Española;2005;6,73
03 Asturias, Principado de;Española;2004;6,54
03 Asturias, Principado de;Española;2003;6,46
03 Asturias, Principado de;Española;2002;6,17
03 Asturias, Principado de;Extranjera;2021;11,44
03 Asturias, Principado de;Extranjera;2020;12,99
03 Asturias, Principado de;Extranjera;2019;14,07
03 Asturias, Principado de;Extranjera;2018;15,05
03 Asturias, Principado de;Extranjera;2017;14,38
03 Asturias, Principado de;Extranjera;2016;14,94
03 Asturias, Principado de;Extranjera;2015;14,84
03 Asturias, Principado de;Extranjera;2014;13,68
03 Asturias, Principado de;Extranjera;2013;14,36
03 Asturias, Principado de;Extranjera;2012;15,08
03 Asturias, Principado de;Extranjera;2011;15,85
03 Asturias, Principado de;Extranjera;2010;17,03
03 Asturias, Principado de;Extranjera;2009;17,28
03 Asturias, Principado de;Extranjera;2008;18,34
03 Asturias, Principado de;Extranjera;2007;18,09
03 Asturias, Principado de;Extranjera;2006;17,10
03 Asturias, Principado de;Extranjera;2005;19,08
03 Asturias, Principado de;Extranjera;2004;18,28
03 Asturias, Principado de;Extranjera;2003;18,39
03 Asturias, Principado de;Extranjera;2002;17,10
04 Balears, Illes;Ambas nacionalidades;2021;7,81
04 Balears, Illes;Ambas nacionalidades;2020;7,78
04 Balears, Illes;Ambas nacionalidades;2019;8,08
04 Balears, Illes;Ambas nacionalidades;2018;8,75
04 Balears, Illes;Ambas nacionalidades;2017;8,88
04 Balears, Illes;Ambas nacionalidades;2016;9,29
04 Balears, Illes;Ambas nacionalidades;2015;9,38
04 Balears, Illes;Ambas nacionalidades;2014;9,53
04 Balears, Illes;Ambas nacionalidades;2013;9,46
04 Balears, Illes;Ambas nacionalidades;2012;9,96
04 Balears, Illes;Ambas nacionalidades;2011;10,28
04 Balears, Illes;Ambas nacionalidades;2010;11,00
04 Balears, Illes;Ambas nacionalidades;2009;11,17
04 Balears, Illes;Ambas nacionalidades;2008;12,02
04 Balears, Illes;Ambas nacionalidades;2007;11,62
04 Balears, Illes;Ambas nacionalidades;2006;11,83
04 Balears, Illes;Ambas nacionalidades;2005;11,44
04 Balears, Illes;Ambas nacionalidades;2004;11,68
04 Balears, Illes;Ambas nacionalidades;2003;11,86
04 Balears, Illes;Ambas nacionalidades;2002;12,03
04 Balears, Illes;Española;2021;7,02
04 Balears, Illes;Española;2020;6,81
04 Balears, Illes;Española;2019;6,92
04 Balears, Illes;Española;2018;7,71
04 Balears, Illes;Española;2017;7,87
04 Balears, Illes;Española;2016;8,30
04 Balears, Illes;Española;2015;8,51
04 Balears, Illes;Española;2014;8,71
04 Balears, Illes;Española;2013;8,40
04 Balears, Illes;Española;2012;8,81
04 Balears, Illes;Española;2011;9,15
04 Balears, Illes;Española;2010;9,58
04 Balears, Illes;Española;2009;9,52
04 Balears, Illes;Española;2008;10,33
04 Balears, Illes;Española;2007;10,34
04 Balears, Illes;Española;2006;10,64
04 Balears, Illes;Española;2005;10,32
04 Balears, Illes;Española;2004;10,67
04 Balears, Illes;Española;2003;10,82
04 Balears, Illes;Española;2002;11,01
04 Balears, Illes;Extranjera;2021;10,52
04 Balears, Illes;Extranjera;2020;11,18
04 Balears, Illes;Extranjera;2019;12,35
04 Balears, Illes;Extranjera;2018;12,81
04 Balears, Illes;Extranjera;2017;13,07
04 Balears, Illes;Extranjera;2016;13,43
04 Balears, Illes;Extranjera;2015;13,09
04 Balears, Illes;Extranjera;2014;13,01
04 Balears, Illes;Extranjera;2013;13,83
04 Balears, Illes;Extranjera;2012;14,56
04 Balears, Illes;Extranjera;2011;14,73
04 Balears, Illes;Extranjera;2010;16,42
04 Balears, Illes;Extranjera;2009;17,35
04 Balears, Illes;Extranjera;2008;18,58
04 Balears, Illes;Extranjera;2007;17,02
04 Balears, Illes;Extranjera;2006;17,45
04 Balears, Illes;Extranjera;2005;17,45
04 Balears, Illes;Extranjera;2004;17,91
04 Balears, Illes;Extranjera;2003;19,19
04 Balears, Illes;Extranjera;2002;21,18
05 Canarias;Ambas nacionalidades;2021;5,67
05 Canarias;Ambas nacionalidades;2020;5,87
05 Canarias;Ambas nacionalidades;2019;6,37
05 Canarias;Ambas nacionalidades;2018;6,75
05 Canarias;Ambas nacionalidades;2017;7,29
05 Canarias;Ambas nacionalidades;2016;7,54
05 Canarias;Ambas nacionalidades;2015;7,59
05 Canarias;Ambas nacionalidades;2014;7,74
05 Canarias;Ambas nacionalidades;2013;7,52
05 Canarias;Ambas nacionalidades;2012;8,22
05 Canarias;Ambas nacionalidades;2011;8,40
05 Canarias;Ambas nacionalidades;2010;8,92
05 Canarias;Ambas nacionalidades;2009;9,32
05 Canarias;Ambas nacionalidades;2008;10,28
05 Canarias;Ambas nacionalidades;2007;10,03
05 Canarias;Ambas nacionalidades;2006;10,75
05 Canarias;Ambas nacionalidades;2005;10,73
05 Canarias;Ambas nacionalidades;2004;10,51
05 Canarias;Ambas nacionalidades;2003;10,83
05 Canarias;Ambas nacionalidades;2002;11,24
05 Canarias;Española;2021;5,40
05 Canarias;Española;2020;5,49
05 Canarias;Española;2019;5,97
05 Canarias;Española;2018;6,38
05 Canarias;Española;2017;6,96
05 Canarias;Española;2016;7,21
05 Canarias;Española;2015;7,28
05 Canarias;Española;2014;7,44
05 Canarias;Española;2013;7,22
05 Canarias;Española;2012;7,78
05 Canarias;Española;2011;7,97
05 Canarias;Española;2010;8,38
05 Canarias;Española;2009;8,70
05 Canarias;Española;2008;9,65
05 Canarias;Española;2007;9,57
05 Canarias;Española;2006;10,30
05 Canarias;Española;2005;10,29
05 Canarias;Española;2004;10,18
05 Canarias;Española;2003;10,47
05 Canarias;Española;2002;10,76
05 Canarias;Extranjera;2021;7,02
05 Canarias;Extranjera;2020;7,83
05 Canarias;Extranjera;2019;8,50
05 Canarias;Extranjera;2018;8,91
05 Canarias;Extranjera;2017;9,34
05 Canarias;Extranjera;2016;9,67
05 Canarias;Extranjera;2015;9,60
05 Canarias;Extranjera;2014;9,70
05 Canarias;Extranjera;2013;9,46
05 Canarias;Extranjera;2012;11,06
05 Canarias;Extranjera;2011;11,18
05 Canarias;Extranjera;2010;12,36
05 Canarias;Extranjera;2009;13,26
05 Canarias;Extranjera;2008;14,40
05 Canarias;Extranjera;2007;13,24
05 Canarias;Extranjera;2006;14,25
05 Canarias;Extranjera;2005;14,37
05 Canarias;Extranjera;2004;13,67
05 Canarias;Extranjera;2003;14,76
05 Canarias;Extranjera;2002;17,53
06 Cantabria;Ambas nacionalidades;2021;5,63
06 Cantabria;Ambas nacionalidades;2020;5,85
06 Cantabria;Ambas nacionalidades;2019;6,10
06 Cantabria;Ambas nacionalidades;2018;6,55
06 Cantabria;Ambas nacionalidades;2017;7,09
06 Cantabria;Ambas nacionalidades;2016;7,30
06 Cantabria;Ambas nacionalidades;2015;7,50
06 Cantabria;Ambas nacionalidades;2014;7,79
06 Cantabria;Ambas nacionalidades;2013;8,21
06 Cantabria;Ambas nacionalidades;2012;8,57
06 Cantabria;Ambas nacionalidades;2011;9,03
06 Cantabria;Ambas nacionalidades;2010;9,46
06 Cantabria;Ambas nacionalidades;2009;9,58
06 Cantabria;Ambas nacionalidades;2008;10,13
06 Cantabria;Ambas nacionalidades;2007;9,39
06 Cantabria;Ambas nacionalidades;2006;9,27
06 Cantabria;Ambas nacionalidades;2005;9,44
06 Cantabria;Ambas nacionalidades;2004;9,18
06 Cantabria;Ambas nacionalidades;2003;8,94
06 Cantabria;Ambas nacionalidades;2002;8,47
06 Cantabria;Española;2021;5,24
06 Cantabria;Española;2020;5,39
06 Cantabria;Española;2019;5,62
06 Cantabria;Española;2018;6,12
06 Cantabria;Española;2017;6,69
06 Cantabria;Española;2016;6,90
06 Cantabria;Española;2015;7,08
06 Cantabria;Española;2014;7,37
06 Cantabria;Española;2013;7,82
06 Cantabria;Española;2012;8,10
06 Cantabria;Española;2011;8,51
06 Cantabria;Española;2010;8,89
06 Cantabria;Española;2009;8,97
06 Cantabria;Española;2008;9,50
06 Cantabria;Española;2007;8,80
06 Cantabria;Española;2006;8,89
06 Cantabria;Española;2005;9,09
06 Cantabria;Española;2004;8,84
06 Cantabria;Española;2003;8,66
06 Cantabria;Española;2002;8,20
06 Cantabria;Extranjera;2021;11,41
06 Cantabria;Extranjera;2020;12,75
06 Cantabria;Extranjera;2019;13,68
06 Cantabria;Extranjera;2018;13,98
06 Cantabria;Extranjera;2017;14,21
06 Cantabria;Extranjera;2016;14,74
06 Cantabria;Extranjera;2015;15,01
06 Cantabria;Extranjera;2014;15,01
06 Cantabria;Extranjera;2013;14,43
06 Cantabria;Extranjera;2012;15,53
06 Cantabria;Extranjera;2011;16,71
06 Cantabria;Extranjera;2010;17,79
06 Cantabria;Extranjera;2009;18,49
06 Cantabria;Extranjera;2008;20,08
06 Cantabria;Extranjera;2007;20,36
06 Cantabria;Extranjera;2006;17,86
06 Cantabria;Extranjera;2005;18,22
06 Cantabria;Extranjera;2004;19,76
06 Cantabria;Extranjera;2003;19,13
06 Cantabria;Extranjera;2002;20,86
07 Castilla y León;Ambas nacionalidades;2021;5,50
07 Castilla y León;Ambas nacionalidades;2020;5,71
07 Castilla y León;Ambas nacionalidades;2019;5,96
07 Castilla y León;Ambas nacionalidades;2018;6,24
07 Castilla y León;Ambas nacionalidades;2017;6,40
07 Castilla y León;Ambas nacionalidades;2016;6,82
07 Castilla y León;Ambas nacionalidades;2015;7,06
07 Castilla y León;Ambas nacionalidades;2014;7,20
07 Castilla y León;Ambas nacionalidades;2013;7,11
07 Castilla y León;Ambas nacionalidades;2012;7,54
07 Castilla y León;Ambas nacionalidades;2011;7,82
07 Castilla y León;Ambas nacionalidades;2010;8,05
07 Castilla y León;Ambas nacionalidades;2009;8,01
07 Castilla y León;Ambas nacionalidades;2008;8,37
07 Castilla y León;Ambas nacionalidades;2007;7,94
07 Castilla y León;Ambas nacionalidades;2006;7,90
07 Castilla y León;Ambas nacionalidades;2005;7,81
07 Castilla y León;Ambas nacionalidades;2004;7,64
07 Castilla y León;Ambas nacionalidades;2003;7,54
07 Castilla y León;Ambas nacionalidades;2002;7,36
07 Castilla y León;Española;2021;5,01
07 Castilla y León;Española;2020;5,13
07 Castilla y León;Española;2019;5,35
07 Castilla y León;Española;2018;5,71
07 Castilla y León;Española;2017;5,89
07 Castilla y León;Española;2016;6,35
07 Castilla y León;Española;2015;6,54
07 Castilla y León;Española;2014;6,71
07 Castilla y León;Española;2013;6,61
07 Castilla y León;Española;2012;6,96
07 Castilla y León;Española;2011;7,18
07 Castilla y León;Española;2010;7,32
07 Castilla y León;Española;2009;7,28
07 Castilla y León;Española;2008;7,55
07 Castilla y León;Española;2007;7,29
07 Castilla y León;Española;2006;7,34
07 Castilla y León;Española;2005;7,34
07 Castilla y León;Española;2004;7,24
07 Castilla y León;Española;2003;7,19
07 Castilla y León;Española;2002;7,07
07 Castilla y León;Extranjera;2021;12,59
07 Castilla y León;Extranjera;2020;14,06
07 Castilla y León;Extranjera;2019;15,50
07 Castilla y León;Extranjera;2018;15,15
07 Castilla y León;Extranjera;2017;15,21
07 Castilla y León;Extranjera;2016;15,04
07 Castilla y León;Extranjera;2015;15,74
07 Castilla y León;Extranjera;2014;15,22
07 Castilla y León;Extranjera;2013;14,88
07 Castilla y León;Extranjera;2012;16,10
07 Castilla y León;Extranjera;2011;17,13
07 Castilla y León;Extranjera;2010;18,56
07 Castilla y León;Extranjera;2009;18,64
07 Castilla y León;Extranjera;2008;20,58
07 Castilla y León;Extranjera;2007;19,13
07 Castilla y León;Extranjera;2006;19,96
07 Castilla y León;Extranjera;2005;19,56
07 Castilla y León;Extranjera;2004;19,87
07 Castilla y León;Extranjera;2003;20,61
07 Castilla y León;Extranjera;2002;21,12
08 Castilla - La Mancha;Ambas nacionalidades;2021;7,10
08 Castilla - La Mancha;Ambas nacionalidades;2020;7,21
08 Castilla - La Mancha;Ambas nacionalidades;2019;7,51
08 Castilla - La Mancha;Ambas nacionalidades;2018;7,80
08 Castilla - La Mancha;Ambas nacionalidades;2017;8,29
08 Castilla - La Mancha;Ambas nacionalidades;2016;8,71
08 Castilla - La Mancha;Ambas nacionalidades;2015;8,87
08 Castilla - La Mancha;Ambas nacionalidades;2014;8,90
08 Castilla - La Mancha;Ambas nacionalidades;2013;9,15
08 Castilla - La Mancha;Ambas nacionalidades;2012;9,71
08 Castilla - La Mancha;Ambas nacionalidades;2011;10,16
08 Castilla - La Mancha;Ambas nacionalidades;2010;10,52
08 Castilla - La Mancha;Ambas nacionalidades;2009;10,75
08 Castilla - La Mancha;Ambas nacionalidades;2008;11,24
08 Castilla - La Mancha;Ambas nacionalidades;2007;10,42
08 Castilla - La Mancha;Ambas nacionalidades;2006;10,50
08 Castilla - La Mancha;Ambas nacionalidades;2005;10,03
08 Castilla - La Mancha;Ambas nacionalidades;2004;10,01
08 Castilla - La Mancha;Ambas nacionalidades;2003;9,95
08 Castilla - La Mancha;Ambas nacionalidades;2002;9,63
08 Castilla - La Mancha;Española;2021;6,34
08 Castilla - La Mancha;Española;2020;6,34
08 Castilla - La Mancha;Española;2019;6,65
08 Castilla - La Mancha;Española;2018;7,03
08 Castilla - La Mancha;Española;2017;7,52
08 Castilla - La Mancha;Española;2016;7,98
08 Castilla - La Mancha;Española;2015;8,18
08 Castilla - La Mancha;Española;2014;8,24
08 Castilla - La Mancha;Española;2013;8,39
08 Castilla - La Mancha;Española;2012;8,84
08 Castilla - La Mancha;Española;2011;9,22
08 Castilla - La Mancha;Española;2010;9,33
08 Castilla - La Mancha;Española;2009;9,57
08 Castilla - La Mancha;Española;2008;9,92
08 Castilla - La Mancha;Española;2007;9,35
08 Castilla - La Mancha;Española;2006;9,61
08 Castilla - La Mancha;Española;2005;9,34
08 Castilla - La Mancha;Española;2004;9,31
08 Castilla - La Mancha;Española;2003;9,38
08 Castilla - La Mancha;Española;2002;9,25
08 Castilla - La Mancha;Extranjera;2021;14,18
08 Castilla - La Mancha;Extranjera;2020;15,43
08 Castilla - La Mancha;Extranjera;2019;16,14
08 Castilla - La Mancha;Extranjera;2018;16,04
08 Castilla - La Mancha;Extranjera;2017;16,83
08 Castilla - La Mancha;Extranjera;2016;16,66
08 Castilla - La Mancha;Extranjera;2015;16,15
08 Castilla - La Mancha;Extranjera;2014;15,59
08 Castilla - La Mancha;Extranjera;2013;16,43
08 Castilla - La Mancha;Extranjera;2012;17,44
08 Castilla - La Mancha;Extranjera;2011;18,32
08 Castilla - La Mancha;Extranjera;2010;20,86
08 Castilla - La Mancha;Extranjera;2009;20,80
08 Castilla - La Mancha;Extranjera;2008;22,76
08 Castilla - La Mancha;Extranjera;2007;21,05
08 Castilla - La Mancha;Extranjera;2006;21,69
08 Castilla - La Mancha;Extranjera;2005;20,29
08 Castilla - La Mancha;Extranjera;2004;23,10
08 Castilla - La Mancha;Extranjera;2003;22,91
08 Castilla - La Mancha;Extranjera;2002;21,42
09 Cataluña;Ambas nacionalidades;2021;7,52
09 Cataluña;Ambas nacionalidades;2020;7,64
09 Cataluña;Ambas nacionalidades;2019;8,09
09 Cataluña;Ambas nacionalidades;2018;8,46
09 Cataluña;Ambas nacionalidades;2017;8,97
09 Cataluña;Ambas nacionalidades;2016;9,29
09 Cataluña;Ambas nacionalidades;2015;9,53
09 Cataluña;Ambas nacionalidades;2014;9,67
09 Cataluña;Ambas nacionalidades;2013;9,62
09 Cataluña;Ambas nacionalidades;2012;10,33
09 Cataluña;Ambas nacionalidades;2011;10,83
09 Cataluña;Ambas nacionalidades;2010;11,28
09 Cataluña;Ambas nacionalidades;2009;11,44
09 Cataluña;Ambas nacionalidades;2008;12,10
09 Cataluña;Ambas nacionalidades;2007;11,62
09 Cataluña;Ambas nacionalidades;2006;11,63
09 Cataluña;Ambas nacionalidades;2005;11,49
09 Cataluña;Ambas nacionalidades;2004;11,35
09 Cataluña;Ambas nacionalidades;2003;11,03
09 Cataluña;Ambas nacionalidades;2002;10,59
09 Cataluña;Española;2021;6,02
09 Cataluña;Española;2020;6,00
09 Cataluña;Española;2019;6,37
09 Cataluña;Española;2018;6,83
09 Cataluña;Española;2017;7,36
09 Cataluña;Española;2016;7,75
09 Cataluña;Española;2015;8,06
09 Cataluña;Española;2014;8,19
09 Cataluña;Española;2013;8,15
09 Cataluña;Española;2012;8,75
09 Cataluña;Española;2011;9,18
09 Cataluña;Española;2010;9,47
09 Cataluña;Española;2009;9,69
09 Cataluña;Española;2008;10,28
09 Cataluña;Española;2007;10,09
09 Cataluña;Española;2006;10,33
09 Cataluña;Española;2005;10,30
09 Cataluña;Española;2004;10,22
09 Cataluña;Española;2003;10,07
09 Cataluña;Española;2002;9,76
09 Cataluña;Extranjera;2021;16,37
09 Cataluña;Extranjera;2020;17,22
09 Cataluña;Extranjera;2019;18,71
09 Cataluña;Extranjera;2018;19,46
09 Cataluña;Extranjera;2017;20,67
09 Cataluña;Extranjera;2016;20,77
09 Cataluña;Extranjera;2015;20,34
09 Cataluña;Extranjera;2014;20,26
09 Cataluña;Extranjera;2013;18,93
09 Cataluña;Extranjera;2012;19,61
09 Cataluña;Extranjera;2011;20,08
09 Cataluña;Extranjera;2010;21,19
09 Cataluña;Extranjera;2009;20,74
09 Cataluña;Extranjera;2008;22,00
09 Cataluña;Extranjera;2007;20,75
09 Cataluña;Extranjera;2006;20,40
09 Cataluña;Extranjera;2005;20,46
09 Cataluña;Extranjera;2004;21,50
09 Cataluña;Extranjera;2003;21,26
09 Cataluña;Extranjera;2002;22,54
10 Comunitat Valenciana;Ambas nacionalidades;2021;7,06
10 Comunitat Valenciana;Ambas nacionalidades;2020;7,10
10 Comunitat Valenciana;Ambas nacionalidades;2019;7,47
10 Comunitat Valenciana;Ambas nacionalidades;2018;7,68
10 Comunitat Valenciana;Ambas nacionalidades;2017;8,18
10 Comunitat Valenciana;Ambas nacionalidades;2016;8,52
10 Comunitat Valenciana;Ambas nacionalidades;2015;8,81
10 Comunitat Valenciana;Ambas nacionalidades;2014;8,96
10 Comunitat Valenciana;Ambas nacionalidades;2013;8,90
10 Comunitat Valenciana;Ambas nacionalidades;2012;9,52
10 Comunitat Valenciana;Ambas nacionalidades;2011;9,89
10 Comunitat Valenciana;Ambas nacionalidades;2010;10,36
10 Comunitat Valenciana;Ambas nacionalidades;2009;10,51
10 Comunitat Valenciana;Ambas nacionalidades;2008;11,51
10 Comunitat Valenciana;Ambas nacionalidades;2007;11,19
10 Comunitat Valenciana;Ambas nacionalidades;2006;11,14
10 Comunitat Valenciana;Ambas nacionalidades;2005;10,95
10 Comunitat Valenciana;Ambas nacionalidades;2004;10,89
10 Comunitat Valenciana;Ambas nacionalidades;2003;10,80
10 Comunitat Valenciana;Ambas nacionalidades;2002;10,39
10 Comunitat Valenciana;Española;2021;6,38
10 Comunitat Valenciana;Española;2020;6,28
10 Comunitat Valenciana;Española;2019;6,68
10 Comunitat Valenciana;Española;2018;6,90
10 Comunitat Valenciana;Española;2017;7,48
10 Comunitat Valenciana;Española;2016;7,87
10 Comunitat Valenciana;Española;2015;8,21
10 Comunitat Valenciana;Española;2014;8,40
10 Comunitat Valenciana;Española;2013;8,35
10 Comunitat Valenciana;Española;2012;8,91
10 Comunitat Valenciana;Española;2011;9,20
10 Comunitat Valenciana;Española;2010;9,55
10 Comunitat Valenciana;Española;2009;9,67
10 Comunitat Valenciana;Española;2008;10,46
10 Comunitat Valenciana;Española;2007;10,35
10 Comunitat Valenciana;Española;2006;10,44
10 Comunitat Valenciana;Española;2005;10,31
10 Comunitat Valenciana;Española;2004;10,25
10 Comunitat Valenciana;Española;2003;10,24
10 Comunitat Valenciana;Española;2002;9,90
10 Comunitat Valenciana;Extranjera;2021;10,97
10 Comunitat Valenciana;Extranjera;2020;11,88
10 Comunitat Valenciana;Extranjera;2019;12,31
10 Comunitat Valenciana;Extranjera;2018;12,82
10 Comunitat Valenciana;Extranjera;2017;12,91
10 Comunitat Valenciana;Extranjera;2016;12,98
10 Comunitat Valenciana;Extranjera;2015;12,80
10 Comunitat Valenciana;Extranjera;2014;12,60
10 Comunitat Valenciana;Extranjera;2013;12,20
10 Comunitat Valenciana;Extranjera;2012;12,99
10 Comunitat Valenciana;Extranjera;2011;13,70
10 Comunitat Valenciana;Extranjera;2010;14,79
10 Comunitat Valenciana;Extranjera;2009;14,89
10 Comunitat Valenciana;Extranjera;2008;17,00
10 Comunitat Valenciana;Extranjera;2007;15,90
10 Comunitat Valenciana;Extranjera;2006;15,58
10 Comunitat Valenciana;Extranjera;2005;15,53
10 Comunitat Valenciana;Extranjera;2004;16,32
10 Comunitat Valenciana;Extranjera;2003;16,53
10 Comunitat Valenciana;Extranjera;2002;17,02
11 Extremadura;Ambas nacionalidades;2021;6,87
11 Extremadura;Ambas nacionalidades;2020;6,97
11 Extremadura;Ambas nacionalidades;2019;7,20
11 Extremadura;Ambas nacionalidades;2018;7,33
11 Extremadura;Ambas nacionalidades;2017;7,92
11 Extremadura;Ambas nacionalidades;2016;8,12
11 Extremadura;Ambas nacionalidades;2015;8,18
11 Extremadura;Ambas nacionalidades;2014;8,38
11 Extremadura;Ambas nacionalidades;2013;8,09
11 Extremadura;Ambas nacionalidades;2012;8,55
11 Extremadura;Ambas nacionalidades;2011;9,01
11 Extremadura;Ambas nacionalidades;2010;9,20
11 Extremadura;Ambas nacionalidades;2009;9,40
11 Extremadura;Ambas nacionalidades;2008;9,84
11 Extremadura;Ambas nacionalidades;2007;9,19
11 Extremadura;Ambas nacionalidades;2006;9,39
11 Extremadura;Ambas nacionalidades;2005;9,32
11 Extremadura;Ambas nacionalidades;2004;9,28
11 Extremadura;Ambas nacionalidades;2003;9,38
11 Extremadura;Ambas nacionalidades;2002;9,24
11 Extremadura;Española;2021;6,58
11 Extremadura;Española;2020;6,61
11 Extremadura;Española;2019;6,84
11 Extremadura;Española;2018;6,99
11 Extremadura;Española;2017;7,62
11 Extremadura;Española;2016;7,83
11 Extremadura;Española;2015;7,90
11 Extremadura;Española;2014;8,12
11 Extremadura;Española;2013;7,82
11 Extremadura;Española;2012;8,32
11 Extremadura;Española;2011;8,67
11 Extremadura;Española;2010;8,82
11 Extremadura;Española;2009;9,05
11 Extremadura;Española;2008;9,45
11 Extremadura;Española;2007;8,89
11 Extremadura;Española;2006;9,13
11 Extremadura;Española;2005;9,06
11 Extremadura;Española;2004;8,98
11 Extremadura;Española;2003;9,17
11 Extremadura;Española;2002;9,05
11 Extremadura;Extranjera;2021;15,11
11 Extremadura;Extranjera;2020;17,05
11 Extremadura;Extranjera;2019;18,20
11 Extremadura;Extranjera;2018;18,22
11 Extremadura;Extranjera;2017;17,76
11 Extremadura;Extranjera;2016;17,79
11 Extremadura;Extranjera;2015;16,81
11 Extremadura;Extranjera;2014;16,26
11 Extremadura;Extranjera;2013;15,59
11 Extremadura;Extranjera;2012;15,01
11 Extremadura;Extranjera;2011;18,30
11 Extremadura;Extranjera;2010;20,00
11 Extremadura;Extranjera;2009;19,55
11 Extremadura;Extranjera;2008;21,51
11 Extremadura;Extranjera;2007;19,37
11 Extremadura;Extranjera;2006;19,66
11 Extremadura;Extranjera;2005;20,86
11 Extremadura;Extranjera;2004;25,37
11 Extremadura;Extranjera;2003;22,09
11 Extremadura;Extranjera;2002;23,63
12 Galicia;Ambas nacionalidades;2021;5,50
12 Galicia;Ambas nacionalidades;2020;5,65
12 Galicia;Ambas nacionalidades;2019;5,82
12 Galicia;Ambas nacionalidades;2018;6,14
12 Galicia;Ambas nacionalidades;2017;6,82
12 Galicia;Ambas nacionalidades;2016;7,03
12 Galicia;Ambas nacionalidades;2015;7,13
12 Galicia;Ambas nacionalidades;2014;7,17
12 Galicia;Ambas nacionalidades;2013;7,17
12 Galicia;Ambas nacionalidades;2012;7,63
12 Galicia;Ambas nacionalidades;2011;7,79
12 Galicia;Ambas nacionalidades;2010;7,95
12 Galicia;Ambas nacionalidades;2009;8,14
12 Galicia;Ambas nacionalidades;2008;8,40
12 Galicia;Ambas nacionalidades;2007;7,92
12 Galicia;Ambas nacionalidades;2006;7,83
12 Galicia;Ambas nacionalidades;2005;7,74
12 Galicia;Ambas nacionalidades;2004;7,60
12 Galicia;Ambas nacionalidades;2003;7,54
12 Galicia;Ambas nacionalidades;2002;7,16
12 Galicia;Española;2021;5,15
12 Galicia;Española;2020;5,30
12 Galicia;Española;2019;5,47
12 Galicia;Española;2018;5,82
12 Galicia;Española;2017;6,54
12 Galicia;Española;2016;6,78
12 Galicia;Española;2015;6,91
12 Galicia;Española;2014;6,91
12 Galicia;Española;2013;6,91
12 Galicia;Española;2012;7,33
12 Galicia;Española;2011;7,51
12 Galicia;Española;2010;7,59
12 Galicia;Española;2009;7,77
12 Galicia;Española;2008;8,03
12 Galicia;Española;2007;7,62
12 Galicia;Española;2006;7,58
12 Galicia;Española;2005;7,48
12 Galicia;Española;2004;7,36
12 Galicia;Española;2003;7,32
12 Galicia;Española;2002;6,97
12 Galicia;Extranjera;2021;12,69
12 Galicia;Extranjera;2020;13,10
12 Galicia;Extranjera;2019;14,32
12 Galicia;Extranjera;2018;14,48
12 Galicia;Extranjera;2017;14,78
12 Galicia;Extranjera;2016;14,15
12 Galicia;Extranjera;2015;13,42
12 Galicia;Extranjera;2014;14,58
12 Galicia;Extranjera;2013;14,21
12 Galicia;Extranjera;2012;15,17
12 Galicia;Extranjera;2011;15,08
12 Galicia;Extranjera;2010;17,39
12 Galicia;Extranjera;2009;17,72
12 Galicia;Extranjera;2008;18,43
12 Galicia;Extranjera;2007;17,08
12 Galicia;Extranjera;2006;16,59
12 Galicia;Extranjera;2005;18,10
12 Galicia;Extranjera;2004;18,25
12 Galicia;Extranjera;2003;18,80
12 Galicia;Extranjera;2002;18,54
13 Madrid, Comunidad de;Ambas nacionalidades;2021;7,62
13 Madrid, Comunidad de;Ambas nacionalidades;2020;7,75
13 Madrid, Comunidad de;Ambas nacionalidades;2019;8,34
13 Madrid, Comunidad de;Ambas nacionalidades;2018;8,74
13 Madrid, Comunidad de;Ambas nacionalidades;2017;9,31
13 Madrid, Comunidad de;Ambas nacionalidades;2016;9,79
13 Madrid, Comunidad de;Ambas nacionalidades;2015;10,14
13 Madrid, Comunidad de;Ambas nacionalidades;2014;10,27
13 Madrid, Comunidad de;Ambas nacionalidades;2013;10,22
13 Madrid, Comunidad de;Ambas nacionalidades;2012;10,80
13 Madrid, Comunidad de;Ambas nacionalidades;2011;11,24
13 Madrid, Comunidad de;Ambas nacionalidades;2010;11,57
13 Madrid, Comunidad de;Ambas nacionalidades;2009;11,95
13 Madrid, Comunidad de;Ambas nacionalidades;2008;12,54
13 Madrid, Comunidad de;Ambas nacionalidades;2007;12,16
13 Madrid, Comunidad de;Ambas nacionalidades;2006;11,98
13 Madrid, Comunidad de;Ambas nacionalidades;2005;11,73
13 Madrid, Comunidad de;Ambas nacionalidades;2004;11,88
13 Madrid, Comunidad de;Ambas nacionalidades;2003;11,75
13 Madrid, Comunidad de;Ambas nacionalidades;2002;11,36
13 Madrid, Comunidad de;Española;2021;6,68
13 Madrid, Comunidad de;Española;2020;6,69
13 Madrid, Comunidad de;Española;2019;7,17
13 Madrid, Comunidad de;Española;2018;7,56
13 Madrid, Comunidad de;Española;2017;8,17
13 Madrid, Comunidad de;Española;2016;8,67
13 Madrid, Comunidad de;Española;2015;9,05
13 Madrid, Comunidad de;Española;2014;9,14
13 Madrid, Comunidad de;Española;2013;9,09
13 Madrid, Comunidad de;Española;2012;9,60
13 Madrid, Comunidad de;Española;2011;10,07
13 Madrid, Comunidad de;Española;2010;10,21
13 Madrid, Comunidad de;Española;2009;10,52
13 Madrid, Comunidad de;Española;2008;10,86
13 Madrid, Comunidad de;Española;2007;10,63
13 Madrid, Comunidad de;Española;2006;10,69
13 Madrid, Comunidad de;Española;2005;10,60
13 Madrid, Comunidad de;Española;2004;10,74
13 Madrid, Comunidad de;Española;2003;10,66
13 Madrid, Comunidad de;Española;2002;10,25
13 Madrid, Comunidad de;Extranjera;2021;14,06
13 Madrid, Comunidad de;Extranjera;2020;14,86
13 Madrid, Comunidad de;Extranjera;2019;16,77
13 Madrid, Comunidad de;Extranjera;2018;17,91
13 Madrid, Comunidad de;Extranjera;2017;18,74
13 Madrid, Comunidad de;Extranjera;2016;19,11
13 Madrid, Comunidad de;Extranjera;2015;19,01
13 Madrid, Comunidad de;Extranjera;2014;19,00
13 Madrid, Comunidad de;Extranjera;2013;17,89
13 Madrid, Comunidad de;Extranjera;2012;18,05
13 Madrid, Comunidad de;Extranjera;2011;17,91
13 Madrid, Comunidad de;Extranjera;2010;18,97
13 Madrid, Comunidad de;Extranjera;2009;19,42
13 Madrid, Comunidad de;Extranjera;2008;21,44
13 Madrid, Comunidad de;Extranjera;2007;20,88
13 Madrid, Comunidad de;Extranjera;2006;20,23
13 Madrid, Comunidad de;Extranjera;2005;19,50
13 Madrid, Comunidad de;Extranjera;2004;20,70
13 Madrid, Comunidad de;Extranjera;2003;21,05
13 Madrid, Comunidad de;Extranjera;2002;23,26
14 Murcia, Región de;Ambas nacionalidades;2021;9,11
14 Murcia, Región de;Ambas nacionalidades;2020;9,08
14 Murcia, Región de;Ambas nacionalidades;2019;9,54
14 Murcia, Región de;Ambas nacionalidades;2018;9,92
14 Murcia, Región de;Ambas nacionalidades;2017;10,24
14 Murcia, Región de;Ambas nacionalidades;2016;10,57
14 Murcia, Región de;Ambas nacionalidades;2015;10,91
14 Murcia, Región de;Ambas nacionalidades;2014;11,15
14 Murcia, Región de;Ambas nacionalidades;2013;11,02
14 Murcia, Región de;Ambas nacionalidades;2012;11,42
14 Murcia, Región de;Ambas nacionalidades;2011;11,91
14 Murcia, Región de;Ambas nacionalidades;2010;12,38
14 Murcia, Región de;Ambas nacionalidades;2009;12,82
14 Murcia, Región de;Ambas nacionalidades;2008;13,54
14 Murcia, Región de;Ambas nacionalidades;2007;13,24
14 Murcia, Región de;Ambas nacionalidades;2006;13,23
14 Murcia, Región de;Ambas nacionalidades;2005;12,98
14 Murcia, Región de;Ambas nacionalidades;2004;12,91
14 Murcia, Región de;Ambas nacionalidades;2003;13,04
14 Murcia, Región de;Ambas nacionalidades;2002;12,65
14 Murcia, Región de;Española;2021;8,00
14 Murcia, Región de;Española;2020;7,77
14 Murcia, Región de;Española;2019;8,16
14 Murcia, Región de;Española;2018;8,60
14 Murcia, Región de;Española;2017;9,02
14 Murcia, Región de;Española;2016;9,39
14 Murcia, Región de;Española;2015;9,81
14 Murcia, Región de;Española;2014;10,10
14 Murcia, Región de;Española;2013;10,01
14 Murcia, Región de;Española;2012;10,30
14 Murcia, Región de;Española;2011;10,72
14 Murcia, Región de;Española;2010;11,08
14 Murcia, Región de;Española;2009;11,40
14 Murcia, Región de;Española;2008;11,92
14 Murcia, Región de;Española;2007;11,77
14 Murcia, Región de;Española;2006;12,09
14 Murcia, Región de;Española;2005;11,90
14 Murcia, Región de;Española;2004;11,77
14 Murcia, Región de;Española;2003;11,89
14 Murcia, Región de;Española;2002;11,58
14 Murcia, Región de;Extranjera;2021;15,76
14 Murcia, Región de;Extranjera;2020;16,90
14 Murcia, Región de;Extranjera;2019;17,98
14 Murcia, Región de;Extranjera;2018;18,40
14 Murcia, Región de;Extranjera;2017;18,08
14 Murcia, Región de;Extranjera;2016;18,11
14 Murcia, Región de;Extranjera;2015;17,75
14 Murcia, Región de;Extranjera;2014;17,52
14 Murcia, Región de;Extranjera;2013;16,90
14 Murcia, Región de;Extranjera;2012;17,69
14 Murcia, Región de;Extranjera;2011;18,36
14 Murcia, Región de;Extranjera;2010;19,17
14 Murcia, Región de;Extranjera;2009;20,11
14 Murcia, Región de;Extranjera;2008;22,02
14 Murcia, Región de;Extranjera;2007;21,35
14 Murcia, Región de;Extranjera;2006;20,32
14 Murcia, Región de;Extranjera;2005;20,43
14 Murcia, Región de;Extranjera;2004;22,49
14 Murcia, Región de;Extranjera;2003;24,41
14 Murcia, Región de;Extranjera;2002;26,12
15 Navarra, Comunidad Foral de;Ambas nacionalidades;2021;7,78
15 Navarra, Comunidad Foral de;Ambas nacionalidades;2020;7,66
15 Navarra, Comunidad Foral de;Ambas nacionalidades;2019;8,23
15 Navarra, Comunidad Foral de;Ambas nacionalidades;2018;8,35
15 Navarra, Comunidad Foral de;Ambas nacionalidades;2017;8,96
15 Navarra, Comunidad Foral de;Ambas nacionalidades;2016;9,24
15 Navarra, Comunidad Foral de;Ambas nacionalidades;2015;9,44
15 Navarra, Comunidad Foral de;Ambas nacionalidades;2014;9,72
15 Navarra, Comunidad Foral de;Ambas nacionalidades;2013;9,54
15 Navarra, Comunidad Foral de;Ambas nacionalidades;2012;10,53
15 Navarra, Comunidad Foral de;Ambas nacionalidades;2011;10,57
15 Navarra, Comunidad Foral de;Ambas nacionalidades;2010;10,67
15 Navarra, Comunidad Foral de;Ambas nacionalidades;2009;10,86
15 Navarra, Comunidad Foral de;Ambas nacionalidades;2008;11,30
15 Navarra, Comunidad Foral de;Ambas nacionalidades;2007;10,82
15 Navarra, Comunidad Foral de;Ambas nacionalidades;2006;10,98
15 Navarra, Comunidad Foral de;Ambas nacionalidades;2005;10,46
15 Navarra, Comunidad Foral de;Ambas nacionalidades;2004;10,85
15 Navarra, Comunidad Foral de;Ambas nacionalidades;2003;10,80
15 Navarra, Comunidad Foral de;Ambas nacionalidades;2002;10,31
15 Navarra, Comunidad Foral de;Española;2021;6,53
15 Navarra, Comunidad Foral de;Española;2020;6,27
15 Navarra, Comunidad Foral de;Española;2019;6,79
15 Navarra, Comunidad Foral de;Española;2018;7,09
15 Navarra, Comunidad Foral de;Española;2017;7,71
15 Navarra, Comunidad Foral de;Española;2016;8,24
15 Navarra, Comunidad Foral de;Española;2015;8,40
15 Navarra, Comunidad Foral de;Española;2014;8,84
15 Navarra, Comunidad Foral de;Española;2013;8,64
15 Navarra, Comunidad Foral de;Española;2012;9,39
15 Navarra, Comunidad Foral de;Española;2011;9,52
15 Navarra, Comunidad Foral de;Española;2010;9,36
15 Navarra, Comunidad Foral de;Española;2009;9,64
15 Navarra, Comunidad Foral de;Española;2008;9,99
15 Navarra, Comunidad Foral de;Española;2007;9,63
15 Navarra, Comunidad Foral de;Española;2006;9,82
15 Navarra, Comunidad Foral de;Española;2005;9,59
15 Navarra, Comunidad Foral de;Española;2004;9,94
15 Navarra, Comunidad Foral de;Española;2003;10,00
15 Navarra, Comunidad Foral de;Española;2002;9,69
15 Navarra, Comunidad Foral de;Extranjera;2021;18,91
15 Navarra, Comunidad Foral de;Extranjera;2020;19,89
15 Navarra, Comunidad Foral de;Extranjera;2019;21,98
15 Navarra, Comunidad Foral de;Extranjera;2018;21,48
15 Navarra, Comunidad Foral de;Extranjera;2017;23,20
15 Navarra, Comunidad Foral de;Extranjera;2016;20,97
15 Navarra, Comunidad Foral de;Extranjera;2015;21,49
15 Navarra, Comunidad Foral de;Extranjera;2014;19,53
15 Navarra, Comunidad Foral de;Extranjera;2013;18,62
15 Navarra, Comunidad Foral de;Extranjera;2012;20,93
15 Navarra, Comunidad Foral de;Extranjera;2011;19,68
15 Navarra, Comunidad Foral de;Extranjera;2010;21,81
15 Navarra, Comunidad Foral de;Extranjera;2009;21,12
15 Navarra, Comunidad Foral de;Extranjera;2008;22,48
15 Navarra, Comunidad Foral de;Extranjera;2007;21,96
15 Navarra, Comunidad Foral de;Extranjera;2006;23,63
15 Navarra, Comunidad Foral de;Extranjera;2005;20,70
15 Navarra, Comunidad Foral de;Extranjera;2004;22,56
15 Navarra, Comunidad Foral de;Extranjera;2003;22,20
15 Navarra, Comunidad Foral de;Extranjera;2002;21,41
16 País Vasco;Ambas nacionalidades;2021;6,56
16 País Vasco;Ambas nacionalidades;2020;6,73
16 País Vasco;Ambas nacionalidades;2019;7,08
16 País Vasco;Ambas nacionalidades;2018;7,41
16 País Vasco;Ambas nacionalidades;2017;7,88
16 País Vasco;Ambas nacionalidades;2016;8,43
16 País Vasco;Ambas nacionalidades;2015;8,71
16 País Vasco;Ambas nacionalidades;2014;8,95
16 País Vasco;Ambas nacionalidades;2013;8,81
16 País Vasco;Ambas nacionalidades;2012;9,42
16 País Vasco;Ambas nacionalidades;2011;9,69
16 País Vasco;Ambas nacionalidades;2010;9,71
16 País Vasco;Ambas nacionalidades;2009;9,60
16 País Vasco;Ambas nacionalidades;2008;9,83
16 País Vasco;Ambas nacionalidades;2007;9,57
16 País Vasco;Ambas nacionalidades;2006;9,38
16 País Vasco;Ambas nacionalidades;2005;9,29
16 País Vasco;Ambas nacionalidades;2004;9,29
16 País Vasco;Ambas nacionalidades;2003;9,19
16 País Vasco;Ambas nacionalidades;2002;8,69
16 País Vasco;Española;2021;5,51
16 País Vasco;Española;2020;5,60
16 País Vasco;Española;2019;5,92
16 País Vasco;Española;2018;6,29
16 País Vasco;Española;2017;6,86
16 País Vasco;Española;2016;7,36
16 País Vasco;Española;2015;7,70
16 País Vasco;Española;2014;8,03
16 País Vasco;Española;2013;7,94
16 País Vasco;Española;2012;8,56
16 País Vasco;Española;2011;8,88
16 País Vasco;Española;2010;8,92
16 País Vasco;Española;2009;8,71
16 País Vasco;Española;2008;8,98
16 País Vasco;Española;2007;8,96
16 País Vasco;Española;2006;8,94
16 País Vasco;Española;2005;8,92
16 País Vasco;Española;2004;8,96
16 País Vasco;Española;2003;8,90
16 País Vasco;Española;2002;8,45
16 País Vasco;Extranjera;2021;21,69
16 País Vasco;Extranjera;2020;22,72
16 País Vasco;Extranjera;2019;25,21
16 País Vasco;Extranjera;2018;26,73
16 País Vasco;Extranjera;2017;26,90
16 País Vasco;Extranjera;2016;28,98
16 País Vasco;Extranjera;2015;28,26
16 País Vasco;Extranjera;2014;26,17
16 País Vasco;Extranjera;2013;23,41
16 País Vasco;Extranjera;2012;22,34
16 País Vasco;Extranjera;2011;21,23
16 País Vasco;Extranjera;2010;20,83
16 País Vasco;Extranjera;2009;22,41
16 País Vasco;Extranjera;2008;22,92
16 País Vasco;Extranjera;2007;20,26
16 País Vasco;Extranjera;2006;18,76
16 País Vasco;Extranjera;2005;18,42
16 País Vasco;Extranjera;2004;19,20
16 País Vasco;Extranjera;2003;19,99
16 País Vasco;Extranjera;2002;20,62
17 Rioja, La;Ambas nacionalidades;2021;6,94
17 Rioja, La;Ambas nacionalidades;2020;7,33
17 Rioja, La;Ambas nacionalidades;2019;7,66
17 Rioja, La;Ambas nacionalidades;2018;7,45
17 Rioja, La;Ambas nacionalidades;2017;8,21
17 Rioja, La;Ambas nacionalidades;2016;8,51
17 Rioja, La;Ambas nacionalidades;2015;8,73
17 Rioja, La;Ambas nacionalidades;2014;9,02
17 Rioja, La;Ambas nacionalidades;2013;9,16
17 Rioja, La;Ambas nacionalidades;2012;9,96
17 Rioja, La;Ambas nacionalidades;2011;9,88
17 Rioja, La;Ambas nacionalidades;2010;10,55
17 Rioja, La;Ambas nacionalidades;2009;10,41
17 Rioja, La;Ambas nacionalidades;2008;11,05
17 Rioja, La;Ambas nacionalidades;2007;10,47
17 Rioja, La;Ambas nacionalidades;2006;10,07
17 Rioja, La;Ambas nacionalidades;2005;10,11
17 Rioja, La;Ambas nacionalidades;2004;9,99
17 Rioja, La;Ambas nacionalidades;2003;9,98
17 Rioja, La;Ambas nacionalidades;2002;9,16
17 Rioja, La;Española;2021;5,68
17 Rioja, La;Española;2020;5,94
17 Rioja, La;Española;2019;6,11
17 Rioja, La;Española;2018;6,02
17 Rioja, La;Española;2017;6,65
17 Rioja, La;Española;2016;7,01
17 Rioja, La;Española;2015;7,36
17 Rioja, La;Española;2014;7,81
17 Rioja, La;Española;2013;7,78
17 Rioja, La;Española;2012;8,45
17 Rioja, La;Española;2011;8,13
17 Rioja, La;Española;2010;8,59
17 Rioja, La;Española;2009;8,79
17 Rioja, La;Española;2008;9,06
17 Rioja, La;Española;2007;8,62
17 Rioja, La;Española;2006;8,54
17 Rioja, La;Española;2005;8,76
17 Rioja, La;Española;2004;8,89
17 Rioja, La;Española;2003;9,02
17 Rioja, La;Española;2002;8,45
17 Rioja, La;Extranjera;2021;15,91
17 Rioja, La;Extranjera;2020;17,26
17 Rioja, La;Extranjera;2019;19,49
17 Rioja, La;Extranjera;2018;19,07
17 Rioja, La;Extranjera;2017;21,36
17 Rioja, La;Extranjera;2016;21,36
17 Rioja, La;Extranjera;2015;20,24
17 Rioja, La;Extranjera;2014;18,78
17 Rioja, La;Extranjera;2013;19,13
17 Rioja, La;Extranjera;2012;19,79
17 Rioja, La;Extranjera;2011;20,78
17 Rioja, La;Extranjera;2010;22,65
17 Rioja, La;Extranjera;2009;20,19
17 Rioja, La;Extranjera;2008;23,03
17 Rioja, La;Extranjera;2007;22,78
17 Rioja, La;Extranjera;2006;21,83
17 Rioja, La;Extranjera;2005;21,39
17 Rioja, La;Extranjera;2004;20,80
17 Rioja, La;Extranjera;2003;21,47
17 Rioja, La;Extranjera;2002;20,02
18 Ceuta;Ambas nacionalidades;2021;8,68
18 Ceuta;Ambas nacionalidades;2020;10,04
18 Ceuta;Ambas nacionalidades;2019;9,96
18 Ceuta;Ambas nacionalidades;2018;11,44
18 Ceuta;Ambas nacionalidades;2017;12,29
18 Ceuta;Ambas nacionalidades;2016;12,51
18 Ceuta;Ambas nacionalidades;2015;12,97
18 Ceuta;Ambas nacionalidades;2014;14,20
18 Ceuta;Ambas nacionalidades;2013;12,85
18 Ceuta;Ambas nacionalidades;2012;13,40
18 Ceuta;Ambas nacionalidades;2011;14,06
18 Ceuta;Ambas nacionalidades;2010;14,79
18 Ceuta;Ambas nacionalidades;2009;14,81
18 Ceuta;Ambas nacionalidades;2008;15,37
18 Ceuta;Ambas nacionalidades;2007;15,24
18 Ceuta;Ambas nacionalidades;2006;14,20
18 Ceuta;Ambas nacionalidades;2005;14,75
18 Ceuta;Ambas nacionalidades;2004;14,82
18 Ceuta;Ambas nacionalidades;2003;14,26
18 Ceuta;Ambas nacionalidades;2002;14,44
18 Ceuta;Española;2021;7,48
18 Ceuta;Española;2020;8,12
18 Ceuta;Española;2019;8,33
18 Ceuta;Española;2018;9,33
18 Ceuta;Española;2017;10,28
18 Ceuta;Española;2016;10,67
18 Ceuta;Española;2015;11,17
18 Ceuta;Española;2014;12,36
18 Ceuta;Española;2013;11,04
18 Ceuta;Española;2012;11,95
18 Ceuta;Española;2011;12,19
18 Ceuta;Española;2010;12,50
18 Ceuta;Española;2009;12,58
18 Ceuta;Española;2008;13,06
18 Ceuta;Española;2007;13,62
18 Ceuta;Española;2006;12,79
18 Ceuta;Española;2005;13,48
18 Ceuta;Española;2004;13,23
18 Ceuta;Española;2003;13,12
18 Ceuta;Española;2002;13,08
18 Ceuta;Extranjera;2021;32,35
18 Ceuta;Extranjera;2020;44,34
18 Ceuta;Extranjera;2019;37,88
18 Ceuta;Extranjera;2018;47,22
18 Ceuta;Extranjera;2017;44,79
18 Ceuta;Extranjera;2016;43,20
18 Ceuta;Extranjera;2015;43,54
18 Ceuta;Extranjera;2014;45,52
18 Ceuta;Extranjera;2013;39,26
18 Ceuta;Extranjera;2012;33,29
18 Ceuta;Extranjera;2011;41,19
18 Ceuta;Extranjera;2010;52,47
18 Ceuta;Extranjera;2009;56,74
18 Ceuta;Extranjera;2008;63,58
18 Ceuta;Extranjera;2007;50,34
18 Ceuta;Extranjera;2006;44,68
18 Ceuta;Extranjera;2005;43,80
18 Ceuta;Extranjera;2004;49,76
18 Ceuta;Extranjera;2003;38,97
18 Ceuta;Extranjera;2002;43,29
19 Melilla;Ambas nacionalidades;2021;11,17
19 Melilla;Ambas nacionalidades;2020;11,41
19 Melilla;Ambas nacionalidades;2019;14,64
19 Melilla;Ambas nacionalidades;2018;15,83
19 Melilla;Ambas nacionalidades;2017;15,82
19 Melilla;Ambas nacionalidades;2016;17,19
19 Melilla;Ambas nacionalidades;2015;17,83
19 Melilla;Ambas nacionalidades;2014;19,33
19 Melilla;Ambas nacionalidades;2013;18,04
19 Melilla;Ambas nacionalidades;2012;18,34
19 Melilla;Ambas nacionalidades;2011;18,15
19 Melilla;Ambas nacionalidades;2010;17,55
19 Melilla;Ambas nacionalidades;2009;17,09
19 Melilla;Ambas nacionalidades;2008;17,34
19 Melilla;Ambas nacionalidades;2007;15,87
19 Melilla;Ambas nacionalidades;2006;16,52
19 Melilla;Ambas nacionalidades;2005;15,25
19 Melilla;Ambas nacionalidades;2004;15,39
19 Melilla;Ambas nacionalidades;2003;17,04
19 Melilla;Ambas nacionalidades;2002;16,02
19 Melilla;Española;2021;8,66
19 Melilla;Española;2020;8,23
19 Melilla;Española;2019;9,45
19 Melilla;Española;2018;10,47
19 Melilla;Española;2017;9,70
19 Melilla;Española;2016;10,92
19 Melilla;Española;2015;11,20
19 Melilla;Española;2014;12,60
19 Melilla;Española;2013;12,29
19 Melilla;Española;2012;11,91
19 Melilla;Española;2011;12,40
19 Melilla;Española;2010;12,37
19 Melilla;Española;2009;12,23
19 Melilla;Española;2008;12,43
19 Melilla;Española;2007;11,33
19 Melilla;Española;2006;11,72
19 Melilla;Española;2005;11,10
19 Melilla;Española;2004;11,57
19 Melilla;Española;2003;12,10
19 Melilla;Española;2002;11,92
19 Melilla;Extranjera;2021;34,09
19 Melilla;Extranjera;2020;38,14
19 Melilla;Extranjera;2019;55,78
19 Melilla;Extranjera;2018;56,70
19 Melilla;Extranjera;2017;60,41
19 Melilla;Extranjera;2016;62,23
19 Melilla;Extranjera;2015;64,61
19 Melilla;Extranjera;2014;66,75
19 Melilla;Extranjera;2013;54,65
19 Melilla;Extranjera;2012;57,47
19 Melilla;Extranjera;2011;55,62
19 Melilla;Extranjera;2010;53,44
19 Melilla;Extranjera;2009;53,11
19 Melilla;Extranjera;2008;57,11
19 Melilla;Extranjera;2007;56,76
19 Melilla;Extranjera;2006;66,33
19 Melilla;Extranjera;2005;64,04
19 Melilla;Extranjera;2004;69,46
19 Melilla;Extranjera;2003;72,98
19 Melilla;Extranjera;2002;54,43
